x_times_g,y_times_g,z_times_g,g_measured,TimeInterval,Date
-0.459442,0.700714,-0.423264,0.938744,90556.245291,2001-01-01 19:09:16.245 -0600
-0.314209,0.649506,-0.578247,0.924637,90556.215506,2001-01-01 19:09:16.216 -0600
-0.208847,0.730789,-0.623108,0.982819,90556.185599,2001-01-01 19:09:16.186 -0600
-0.220016,0.729416,-0.553879,0.941932,90556.155814,2001-01-01 19:09:16.156 -0600
-0.319550,0.625107,-0.579468,0.910304,90556.125906,2001-01-01 19:09:16.126 -0600
-0.447510,0.640808,-0.546066,0.953461,90556.096121,2001-01-01 19:09:16.096 -0600
-0.356033,0.658798,-0.517456,0.910239,90556.066184,2001-01-01 19:09:16.066 -0600
-0.331009,0.743774,-0.609177,1.016791,90556.036398,2001-01-01 19:09:16.036 -0600
-0.291016,0.610245,-0.754944,1.013424,90556.006491,2001-01-01 19:09:16.006 -0600
-0.120667,0.637939,-0.681961,0.941593,90555.976706,2001-01-01 19:09:15.977 -0600
-0.306793,0.622513,-0.687744,0.977055,90555.946799,2001-01-01 19:09:15.947 -0600
-0.401062,0.617462,-0.706665,1.020532,90555.917014,2001-01-01 19:09:15.917 -0600
-0.419891,0.597977,-0.676804,0.995966,90555.884146,2001-01-01 19:09:15.884 -0600
-0.484100,0.595428,-0.673386,1.020949,90555.854319,2001-01-01 19:09:15.854 -0600
-0.373474,0.666092,-0.657852,1.007934,90555.823496,2001-01-01 19:09:15.823 -0600
-0.471649,0.651047,-0.674347,1.049313,90555.793589,2001-01-01 19:09:15.794 -0600
-0.470963,0.682938,-0.696136,1.082966,90555.763804,2001-01-01 19:09:15.764 -0600
-0.443161,0.613754,-0.693466,1.026636,90555.733897,2001-01-01 19:09:15.734 -0600
-0.521255,0.597778,-0.691650,1.052343,90555.704111,2001-01-01 19:09:15.704 -0600
-0.466705,0.710892,-0.759155,1.139955,90555.674204,2001-01-01 19:09:15.674 -0600
-0.478638,0.666000,-0.759689,1.117935,90555.644419,2001-01-01 19:09:15.644 -0600
-0.559464,0.550568,-0.754028,1.088431,90555.614481,2001-01-01 19:09:15.614 -0600
-0.403564,0.708969,-0.802139,1.144084,90555.584696,2001-01-01 19:09:15.585 -0600
-0.223389,0.552887,-0.859039,1.045722,90555.554789,2001-01-01 19:09:15.555 -0600
-0.377991,0.385498,-0.792831,0.959201,90555.525004,2001-01-01 19:09:15.525 -0600
-0.623764,0.521271,-0.714661,1.082379,90555.495097,2001-01-01 19:09:15.495 -0600
-0.579681,0.599167,-0.681351,1.076694,90555.465311,2001-01-01 19:09:15.465 -0600
-0.412796,0.440155,-0.726929,0.944755,90555.435404,2001-01-01 19:09:15.435 -0600
-0.272690,0.365692,-0.780319,0.903874,90555.405619,2001-01-01 19:09:15.406 -0600
-0.128189,0.334991,-0.909958,0.978098,90555.375681,2001-01-01 19:09:15.376 -0600
-0.078491,0.290344,-0.823563,0.876765,90555.345896,2001-01-01 19:09:15.346 -0600
-0.193665,0.356323,-0.775238,0.874909,90555.316019,2001-01-01 19:09:15.316 -0600
-0.115036,0.275818,-0.728226,0.787160,90555.286234,2001-01-01 19:09:15.286 -0600
-0.017319,0.313141,-0.815826,0.874031,90555.256327,2001-01-01 19:09:15.256 -0600
0.020813,0.270767,-0.823837,0.867442,90555.226542,2001-01-01 19:09:15.227 -0600
-0.002075,0.420944,-0.803665,0.907235,90555.196635,2001-01-01 19:09:15.197 -0600
-0.129852,0.568375,-0.866531,1.044408,90555.166819,2001-01-01 19:09:15.167 -0600
-0.069229,0.572800,-0.903687,1.072167,90555.136912,2001-01-01 19:09:15.137 -0600
0.002975,0.548538,-0.901581,1.055344,90555.107127,2001-01-01 19:09:15.107 -0600
-0.070312,0.483795,-0.916214,1.038484,90555.077219,2001-01-01 19:09:15.077 -0600
-0.128922,0.314102,-0.857910,0.922654,90555.047434,2001-01-01 19:09:15.047 -0600
-0.061050,0.958282,-0.896866,1.313926,90555.017527,2001-01-01 19:09:15.018 -0600
-0.137604,0.582260,-0.873734,1.058948,90554.987742,2001-01-01 19:09:14.988 -0600
-0.132858,0.412521,-0.754868,0.870431,90554.957835,2001-01-01 19:09:14.958 -0600
0.057388,0.472687,-0.824341,0.951979,90554.928049,2001-01-01 19:09:14.928 -0600
0.130768,0.567291,-0.892807,1.065844,90554.898112,2001-01-01 19:09:14.898 -0600
0.389389,0.497787,-0.710388,0.950825,90554.868327,2001-01-01 19:09:14.868 -0600
0.038879,0.496140,-0.776978,0.922692,90554.838446,2001-01-01 19:09:14.838 -0600
0.041656,0.462982,-0.786652,0.913733,90554.808661,2001-01-01 19:09:14.809 -0600
0.079391,0.483414,-0.853409,0.984022,90554.778754,2001-01-01 19:09:14.779 -0600
0.085556,0.455704,-0.808350,0.931888,90554.748969,2001-01-01 19:09:14.749 -0600
0.076385,0.451355,-0.768875,0.894832,90554.719062,2001-01-01 19:09:14.719 -0600
0.053497,0.471542,-0.774078,0.907971,90554.689276,2001-01-01 19:09:14.689 -0600
0.058304,0.486649,-0.791885,0.931294,90554.659369,2001-01-01 19:09:14.659 -0600
0.083084,0.560165,-0.731918,0.925415,90554.629584,2001-01-01 19:09:14.630 -0600
0.104492,0.576797,-0.724625,0.932038,90554.599646,2001-01-01 19:09:14.600 -0600
0.078537,0.614594,-0.690811,0.927962,90554.569861,2001-01-01 19:09:14.570 -0600
0.083145,0.670761,-0.638382,0.929712,90554.539954,2001-01-01 19:09:14.540 -0600
0.065613,0.713104,-0.667007,0.978633,90554.510169,2001-01-01 19:09:14.510 -0600
0.040039,0.793518,-0.674316,1.042102,90554.480262,2001-01-01 19:09:14.480 -0600
0.019363,0.860962,-0.708160,1.114954,90554.450476,2001-01-01 19:09:14.450 -0600
0.038269,0.907501,-0.745895,1.175322,90554.420569,2001-01-01 19:09:14.421 -0600
0.038467,0.856964,-0.638092,1.069125,90554.390784,2001-01-01 19:09:14.391 -0600
0.059937,0.855011,-0.511093,0.997924,90554.360846,2001-01-01 19:09:14.361 -0600
0.212357,0.876038,-0.476395,1.019553,90554.331061,2001-01-01 19:09:14.331 -0600
0.291901,0.894531,-0.424957,1.032463,90554.301154,2001-01-01 19:09:14.301 -0600
0.257782,0.853027,-0.428925,0.988981,90554.271369,2001-01-01 19:09:14.271 -0600
0.207443,0.806061,-0.471405,0.956551,90554.241461,2001-01-01 19:09:14.241 -0600
0.262939,0.857040,-0.508484,1.030636,90554.211676,2001-01-01 19:09:14.212 -0600
0.458572,0.967331,-0.500839,1.181887,90554.181769,2001-01-01 19:09:14.182 -0600
0.575912,1.034943,-0.422440,1.257472,90554.151984,2001-01-01 19:09:14.152 -0600
0.453003,0.925552,-0.251465,1.060704,90554.122077,2001-01-01 19:09:14.122 -0600
0.331650,0.873962,-0.218567,0.959986,90554.092292,2001-01-01 19:09:14.092 -0600
0.311356,0.897552,-0.239624,0.979777,90554.062354,2001-01-01 19:09:14.062 -0600
0.390045,0.917648,-0.252182,1.028499,90554.032569,2001-01-01 19:09:14.033 -0600
0.388809,0.851456,-0.173416,0.951957,90554.002661,2001-01-01 19:09:14.003 -0600
0.419815,0.826965,-0.123428,0.935602,90553.972876,2001-01-01 19:09:13.973 -0600
0.595963,0.946472,-0.120895,1.124987,90553.942969,2001-01-01 19:09:13.943 -0600
0.750015,1.025055,-0.077759,1.272520,90553.913184,2001-01-01 19:09:13.913 -0600
0.593124,1.014923,-0.003860,1.175534,90553.883277,2001-01-01 19:09:13.883 -0600
0.377777,0.856827,-0.015549,0.936541,90553.853491,2001-01-01 19:09:13.853 -0600
0.247849,0.737808,-0.054398,0.780224,90553.823609,2001-01-01 19:09:13.824 -0600
0.291565,0.671967,-0.106506,0.740198,90553.793824,2001-01-01 19:09:13.794 -0600
0.459869,0.769684,-0.151642,0.909334,90553.763917,2001-01-01 19:09:13.764 -0600
0.688828,1.007996,-0.161469,1.231507,90553.734132,2001-01-01 19:09:13.734 -0600
0.725372,1.232361,-0.309769,1.463159,90553.704224,2001-01-01 19:09:13.704 -0600
0.601883,1.077148,-0.282059,1.265729,90553.674439,2001-01-01 19:09:13.674 -0600
0.465622,0.923386,-0.244232,1.062588,90553.644532,2001-01-01 19:09:13.645 -0600
0.462997,0.815369,-0.249390,0.970251,90553.614747,2001-01-01 19:09:13.615 -0600
0.463379,0.811005,-0.237167,0.963689,90553.584840,2001-01-01 19:09:13.585 -0600
0.456558,0.808548,-0.239441,0.958920,90553.555055,2001-01-01 19:09:13.555 -0600
0.455872,0.802689,-0.243835,0.954769,90553.525147,2001-01-01 19:09:13.525 -0600
0.458023,0.802460,-0.238678,0.954303,90553.495362,2001-01-01 19:09:13.495 -0600
0.458344,0.784927,-0.220810,0.935386,90553.465455,2001-01-01 19:09:13.465 -0600
0.457764,0.792511,-0.211304,0.939293,90553.435670,2001-01-01 19:09:13.436 -0600
0.452560,0.809326,-0.204086,0.949458,90553.405763,2001-01-01 19:09:13.406 -0600
0.476242,0.829361,-0.206039,0.978314,90553.375977,2001-01-01 19:09:13.376 -0600
0.492966,0.845215,-0.219559,1.002801,90553.346070,2001-01-01 19:09:13.346 -0600
0.497559,0.859848,-0.214905,1.016409,90553.316285,2001-01-01 19:09:13.316 -0600
0.471161,0.843979,-0.209320,0.988993,90553.286378,2001-01-01 19:09:13.286 -0600
0.427231,0.818787,-0.209763,0.947068,90553.256593,2001-01-01 19:09:13.257 -0600
0.418091,0.814362,-0.223541,0.942314,90553.226685,2001-01-01 19:09:13.227 -0600
0.448807,0.838516,-0.245468,0.982238,90553.196900,2001-01-01 19:09:13.197 -0600
0.468948,0.873917,-0.233826,1.018979,90553.166993,2001-01-01 19:09:13.167 -0600
0.497391,0.883011,-0.222763,1.037656,90553.137208,2001-01-01 19:09:13.137 -0600
0.529846,0.875504,-0.222382,1.047233,90553.107301,2001-01-01 19:09:13.107 -0600
0.539062,0.879425,-0.216415,1.053951,90553.077516,2001-01-01 19:09:13.078 -0600
0.518402,0.841385,-0.199478,1.008197,90553.047608,2001-01-01 19:09:13.048 -0600
0.492493,0.814041,-0.194107,0.971025,90553.017823,2001-01-01 19:09:13.018 -0600
0.475952,0.840332,-0.201431,0.986541,90552.987916,2001-01-01 19:09:12.988 -0600
0.489395,0.856445,-0.203751,1.007234,90552.958131,2001-01-01 19:09:12.958 -0600
0.478470,0.883530,-0.184158,1.021505,90552.928224,2001-01-01 19:09:12.928 -0600
0.455200,0.893250,-0.175903,1.017862,90552.898438,2001-01-01 19:09:12.898 -0600
0.446976,0.889084,-0.181854,1.011597,90552.868531,2001-01-01 19:09:12.869 -0600
0.439484,0.884674,-0.189499,1.005835,90552.838754,2001-01-01 19:09:12.839 -0600
0.435974,0.902237,-0.180298,1.018142,90552.808847,2001-01-01 19:09:12.809 -0600
0.453552,0.910309,-0.182068,1.033209,90552.779062,2001-01-01 19:09:12.779 -0600
0.478394,0.889633,-0.175873,1.025299,90552.749124,2001-01-01 19:09:12.749 -0600
0.449249,0.871353,-0.139786,0.990263,90552.719339,2001-01-01 19:09:12.719 -0600
0.379089,0.838394,-0.101700,0.925719,90552.689431,2001-01-01 19:09:12.689 -0600
0.317413,0.828812,-0.082611,0.891350,90552.659646,2001-01-01 19:09:12.660 -0600
0.342148,0.863907,-0.117569,0.936602,90552.629739,2001-01-01 19:09:12.630 -0600
0.475891,0.936447,-0.170868,1.064237,90552.599954,2001-01-01 19:09:12.600 -0600
0.547195,0.991455,-0.150879,1.142441,90552.570047,2001-01-01 19:09:12.570 -0600
0.490158,1.011993,-0.057068,1.125896,90552.540262,2001-01-01 19:09:12.540 -0600
0.449249,0.919113,-0.013626,1.023122,90552.510354,2001-01-01 19:09:12.510 -0600
0.426636,0.867661,0.004517,0.966888,90552.480539,2001-01-01 19:09:12.481 -0600
0.403244,0.852005,0.001358,0.942613,90552.450631,2001-01-01 19:09:12.451 -0600
0.417831,0.849075,-0.018967,0.946505,90552.420846,2001-01-01 19:09:12.421 -0600
0.451630,0.882263,-0.032806,0.991682,90552.390939,2001-01-01 19:09:12.391 -0600
0.495071,0.924515,-0.032639,1.049232,90552.361154,2001-01-01 19:09:12.361 -0600
0.498596,0.945511,-0.019699,1.069101,90552.331247,2001-01-01 19:09:12.331 -0600
0.493484,0.914581,0.004227,1.039232,90552.301461,2001-01-01 19:09:12.301 -0600
0.431885,0.890121,0.016251,0.989497,90552.271554,2001-01-01 19:09:12.272 -0600
0.419250,0.893494,0.010971,0.987027,90552.241769,2001-01-01 19:09:12.242 -0600
0.497635,0.975540,0.003403,1.095140,90552.211831,2001-01-01 19:09:12.212 -0600
0.608978,0.988342,-0.028778,1.161251,90552.182046,2001-01-01 19:09:12.182 -0600
0.591293,1.015884,-0.016830,1.175556,90552.152139,2001-01-01 19:09:12.152 -0600
0.460770,0.926468,0.006012,1.034740,90552.122354,2001-01-01 19:09:12.122 -0600
0.279358,0.790894,0.018112,0.838976,90552.092447,2001-01-01 19:09:12.092 -0600
0.193390,0.711975,0.001663,0.737774,90552.062661,2001-01-01 19:09:12.063 -0600
0.264221,0.707413,-0.029480,0.755721,90552.032754,2001-01-01 19:09:12.033 -0600
0.488770,0.785049,-0.034851,0.925426,90552.002969,2001-01-01 19:09:12.003 -0600
0.633270,0.920135,-0.015396,1.117102,90551.973062,2001-01-01 19:09:11.973 -0600
0.584457,1.046219,0.058228,1.199814,90551.943277,2001-01-01 19:09:11.943 -0600
0.533020,0.990997,0.029663,1.125640,90551.913369,2001-01-01 19:09:11.913 -0600
0.464249,1.004486,-0.153336,1.117153,90551.883584,2001-01-01 19:09:11.884 -0600
0.462891,1.128098,-0.293793,1.254267,90551.853691,2001-01-01 19:09:11.854 -0600
0.417725,0.923721,-0.287521,1.053766,90551.823906,2001-01-01 19:09:11.824 -0600
0.364609,0.866501,-0.345901,1.001704,90551.793968,2001-01-01 19:09:11.794 -0600
0.360580,0.813568,-0.358765,0.959491,90551.764183,2001-01-01 19:09:11.764 -0600
0.391434,0.806320,-0.343506,0.959880,90551.734276,2001-01-01 19:09:11.734 -0600
0.415253,0.828278,-0.359146,0.993712,90551.704491,2001-01-01 19:09:11.704 -0600
0.399490,0.851440,-0.345215,1.001857,90551.674583,2001-01-01 19:09:11.675 -0600
0.361404,0.838791,-0.291656,0.958774,90551.644798,2001-01-01 19:09:11.645 -0600
0.342316,0.821014,-0.260086,0.926763,90551.614891,2001-01-01 19:09:11.615 -0600
0.398346,0.845245,-0.250946,0.967519,90551.585106,2001-01-01 19:09:11.585 -0600
0.486755,0.901016,-0.234161,1.050520,90551.555199,2001-01-01 19:09:11.555 -0600
0.522964,0.943024,-0.217957,1.100132,90551.525413,2001-01-01 19:09:11.525 -0600
0.418472,0.923203,-0.162476,1.026557,90551.495506,2001-01-01 19:09:11.496 -0600
0.319794,0.853622,-0.127579,0.920443,90551.465721,2001-01-01 19:09:11.466 -0600
0.412460,0.908340,-0.147125,1.008391,90551.435814,2001-01-01 19:09:11.436 -0600
0.636871,0.915710,-0.187515,1.131058,90551.406029,2001-01-01 19:09:11.406 -0600
0.527206,0.983856,-0.153534,1.126717,90551.376121,2001-01-01 19:09:11.376 -0600
0.186401,0.888382,-0.060577,0.909746,90551.346336,2001-01-01 19:09:11.346 -0600
0.108368,0.803604,0.061279,0.813190,90551.316429,2001-01-01 19:09:11.316 -0600
0.255814,0.892990,0.156586,0.942014,90551.286644,2001-01-01 19:09:11.287 -0600
0.441162,0.750763,0.220596,0.898294,90551.256737,2001-01-01 19:09:11.257 -0600
0.632263,1.130783,-0.016113,1.295641,90551.226952,2001-01-01 19:09:11.227 -0600
0.750626,1.131454,0.136169,1.364614,90551.197044,2001-01-01 19:09:11.197 -0600
0.677780,1.006088,0.176132,1.225815,90551.167259,2001-01-01 19:09:11.167 -0600
0.635834,0.922958,0.072525,1.123119,90551.137352,2001-01-01 19:09:11.137 -0600
0.592300,0.891342,0.007614,1.070219,90551.107567,2001-01-01 19:09:11.108 -0600
0.551117,0.869080,0.001328,1.029092,90551.077660,2001-01-01 19:09:11.078 -0600
0.505249,0.794388,0.001694,0.941452,90551.047874,2001-01-01 19:09:11.048 -0600
0.467056,0.759247,0.015244,0.891532,90551.017967,2001-01-01 19:09:11.018 -0600
0.486664,0.690277,0.007568,0.844619,90550.988182,2001-01-01 19:09:10.988 -0600
0.566086,0.700699,0.046066,0.901972,90550.958305,2001-01-01 19:09:10.958 -0600
0.644012,0.715759,0.088226,0.966875,90550.928520,2001-01-01 19:09:10.929 -0600
0.686356,0.665710,0.151581,0.968107,90550.898613,2001-01-01 19:09:10.899 -0600
0.713791,0.603531,0.269012,0.972684,90550.868828,2001-01-01 19:09:10.869 -0600
0.798325,0.544861,0.386627,1.040998,90550.838951,2001-01-01 19:09:10.839 -0600
0.935242,0.660110,0.356705,1.199025,90550.809165,2001-01-01 19:09:10.809 -0600
0.932358,0.697693,0.377106,1.224040,90550.779258,2001-01-01 19:09:10.779 -0600
0.759644,0.649979,0.448456,1.095739,90550.749473,2001-01-01 19:09:10.749 -0600
0.680832,0.671844,0.472900,1.067025,90550.719566,2001-01-01 19:09:10.720 -0600
0.517349,0.703476,0.443817,0.979542,90550.689781,2001-01-01 19:09:10.690 -0600
0.279953,0.806168,0.412491,0.947855,90550.659873,2001-01-01 19:09:10.660 -0600
0.291611,0.923660,0.239471,0.997763,90550.630088,2001-01-01 19:09:10.630 -0600
0.544159,0.990341,0.063995,1.131804,90550.600181,2001-01-01 19:09:10.600 -0600
0.658981,1.031906,0.175613,1.236902,90550.570396,2001-01-01 19:09:10.570 -0600
0.603439,1.047653,0.318298,1.250212,90550.540519,2001-01-01 19:09:10.541 -0600
0.685196,1.112793,0.265869,1.333600,90550.510734,2001-01-01 19:09:10.511 -0600
0.881119,0.918243,0.220947,1.291650,90550.480827,2001-01-01 19:09:10.481 -0600
0.884979,0.786850,0.227631,1.205876,90550.451042,2001-01-01 19:09:10.451 -0600
0.625610,0.751724,0.326767,1.031142,90550.421134,2001-01-01 19:09:10.421 -0600
0.395599,0.378601,0.345673,0.647555,90550.391349,2001-01-01 19:09:10.391 -0600
0.372833,0.395645,0.200790,0.579531,90550.361442,2001-01-01 19:09:10.361 -0600
0.677414,0.488190,-0.159485,0.850091,90550.331657,2001-01-01 19:09:10.332 -0600
0.777985,0.854324,-0.293686,1.192217,90550.301750,2001-01-01 19:09:10.302 -0600
0.428314,1.081146,-0.199585,1.179900,90550.271964,2001-01-01 19:09:10.272 -0600
0.404816,0.921387,-0.215134,1.029132,90550.242057,2001-01-01 19:09:10.242 -0600
0.547394,0.624939,-0.343002,0.898799,90550.212272,2001-01-01 19:09:10.212 -0600
0.386566,0.773560,-0.394531,0.950517,90550.182365,2001-01-01 19:09:10.182 -0600
0.126785,1.029739,-0.182220,1.053395,90550.152610,2001-01-01 19:09:10.153 -0600
0.205933,1.147400,-0.014999,1.165830,90550.122703,2001-01-01 19:09:10.123 -0600
0.541794,1.084671,0.206131,1.229854,90550.092918,2001-01-01 19:09:10.093 -0600
0.938217,1.013947,0.550354,1.487020,90550.063011,2001-01-01 19:09:10.063 -0600
1.270264,0.820847,0.815460,1.718236,90550.033225,2001-01-01 19:09:10.033 -0600
1.051010,0.270233,0.962601,1.450603,90550.003318,2001-01-01 19:09:10.003 -0600
0.717743,0.352234,0.749985,1.096221,90549.973533,2001-01-01 19:09:09.974 -0600
0.425095,0.525787,0.422379,0.797221,90549.943626,2001-01-01 19:09:09.944 -0600
0.385971,0.720200,0.072754,0.820338,90549.913841,2001-01-01 19:09:09.914 -0600
0.532776,1.031296,-0.225616,1.182507,90549.883933,2001-01-01 19:09:09.884 -0600
0.682739,1.321960,-0.343674,1.527031,90549.854148,2001-01-01 19:09:09.854 -0600
0.610550,1.250443,-0.323120,1.428560,90549.824277,2001-01-01 19:09:09.824 -0600
0.404449,0.899719,-0.201416,1.006798,90549.794492,2001-01-01 19:09:09.794 -0600
0.291809,0.709076,-0.082886,0.771240,90549.764585,2001-01-01 19:09:09.765 -0600
0.307785,0.622498,0.034698,0.695298,90549.734800,2001-01-01 19:09:09.735 -0600
0.377792,0.707733,0.061203,0.804586,90549.704892,2001-01-01 19:09:09.705 -0600
0.556763,0.842590,0.049316,1.011126,90549.675107,2001-01-01 19:09:09.675 -0600
0.628952,0.878021,0.027618,1.080400,90549.645200,2001-01-01 19:09:09.645 -0600
0.493271,0.806458,0.079910,0.948723,90549.615415,2001-01-01 19:09:09.615 -0600
0.302460,0.719223,0.155304,0.795539,90549.585508,2001-01-01 19:09:09.586 -0600
0.358444,0.654892,0.119949,0.756144,90549.555722,2001-01-01 19:09:09.556 -0600
0.642029,0.676880,0.016479,0.933080,90549.525815,2001-01-01 19:09:09.526 -0600
0.768387,0.852707,0.069336,1.149928,90549.496030,2001-01-01 19:09:09.496 -0600
0.554565,1.021332,0.224487,1.183662,90549.466123,2001-01-01 19:09:09.466 -0600
0.389984,1.096252,0.131561,1.170968,90549.436338,2001-01-01 19:09:09.436 -0600
0.568222,1.096878,-0.106415,1.239896,90549.406430,2001-01-01 19:09:09.406 -0600
0.728287,1.141312,-0.231888,1.373596,90549.376645,2001-01-01 19:09:09.377 -0600
0.582809,1.176102,-0.279312,1.341975,90549.346738,2001-01-01 19:09:09.347 -0600
0.423813,1.079041,-0.289017,1.194770,90549.316953,2001-01-01 19:09:09.317 -0600
0.341095,0.916092,-0.262756,1.012231,90549.287046,2001-01-01 19:09:09.287 -0600
0.341278,0.838776,-0.280411,0.947969,90549.257260,2001-01-01 19:09:09.257 -0600
0.366699,0.867294,-0.309494,0.991188,90549.227353,2001-01-01 19:09:09.227 -0600
0.389465,0.853256,-0.267181,0.975251,90549.197568,2001-01-01 19:09:09.198 -0600
0.401413,0.805084,-0.213943,0.924697,90549.167661,2001-01-01 19:09:09.168 -0600
0.378738,0.731750,-0.164963,0.840306,90549.137876,2001-01-01 19:09:09.138 -0600
0.344650,0.742661,-0.171738,0.836554,90549.107969,2001-01-01 19:09:09.108 -0600
0.376877,0.780167,-0.224930,0.895148,90549.078183,2001-01-01 19:09:09.078 -0600
0.413223,0.825729,-0.274414,0.963268,90549.048276,2001-01-01 19:09:09.048 -0600
0.432663,0.850113,-0.291824,0.997522,90549.018491,2001-01-01 19:09:09.018 -0600
0.365601,0.853210,-0.271622,0.967166,90548.988584,2001-01-01 19:09:08.989 -0600
0.329636,0.818298,-0.261459,0.920127,90548.958799,2001-01-01 19:09:08.959 -0600
0.375702,0.824966,-0.256058,0.941959,90548.928891,2001-01-01 19:09:08.929 -0600
0.484467,0.888794,-0.249557,1.042565,90548.899106,2001-01-01 19:09:08.899 -0600
0.579163,0.957001,-0.226135,1.141235,90548.869199,2001-01-01 19:09:08.869 -0600
0.598129,0.908325,-0.192841,1.104536,90548.839427,2001-01-01 19:09:08.839 -0600
0.543518,0.782227,-0.171219,0.967784,90548.809520,2001-01-01 19:09:08.810 -0600
0.386856,0.742233,-0.170502,0.854189,90548.779734,2001-01-01 19:09:08.780 -0600
0.338348,0.771515,-0.253189,0.879670,90548.749827,2001-01-01 19:09:08.750 -0600
0.465363,0.854874,-0.394028,1.050061,90548.720042,2001-01-01 19:09:08.720 -0600
0.534805,1.043472,-0.384842,1.234080,90548.690135,2001-01-01 19:09:08.690 -0600
0.496613,1.039978,-0.246323,1.178496,90548.660350,2001-01-01 19:09:08.660 -0600
0.432663,0.947357,-0.166519,1.054709,90548.630442,2001-01-01 19:09:08.630 -0600
0.416489,0.948364,-0.134232,1.044450,90548.600657,2001-01-01 19:09:08.601 -0600
0.440582,0.894485,-0.152634,1.008719,90548.570720,2001-01-01 19:09:08.571 -0600
0.434448,0.904236,-0.149551,1.014275,90548.540934,2001-01-01 19:09:08.541 -0600
0.388123,0.888351,-0.127106,0.977734,90548.511027,2001-01-01 19:09:08.511 -0600
0.384384,0.842239,-0.144867,0.937072,90548.481242,2001-01-01 19:09:08.481 -0600
0.371796,0.829971,-0.179672,0.927020,90548.451335,2001-01-01 19:09:08.451 -0600
0.348938,0.845566,-0.163116,0.929164,90548.421550,2001-01-01 19:09:08.422 -0600
0.393997,0.878525,-0.180740,0.979646,90548.391642,2001-01-01 19:09:08.392 -0600
0.447098,0.893692,-0.195053,1.018149,90548.361857,2001-01-01 19:09:08.362 -0600
0.408340,0.865952,-0.123398,0.965319,90548.331950,2001-01-01 19:09:08.332 -0600
0.380020,0.850677,-0.046036,0.932838,90548.302165,2001-01-01 19:09:08.302 -0600
0.479385,0.861115,-0.025116,0.985880,90548.272258,2001-01-01 19:09:08.272 -0600
0.607330,0.838882,-0.032608,1.036165,90548.242472,2001-01-01 19:09:08.242 -0600
0.607315,0.824982,-0.029892,1.024851,90548.212565,2001-01-01 19:09:08.213 -0600
0.442551,0.783768,-0.025375,0.900437,90548.182780,2001-01-01 19:09:08.183 -0600
0.281952,0.727402,-0.047882,0.781603,90548.152873,2001-01-01 19:09:08.153 -0600
0.268265,0.742371,-0.120605,0.798515,90548.123088,2001-01-01 19:09:08.123 -0600
0.403748,0.827789,-0.204193,0.943367,90548.093180,2001-01-01 19:09:08.093 -0600
0.655014,1.020721,-0.248840,1.238078,90548.063395,2001-01-01 19:09:08.063 -0600
0.743332,1.192413,-0.299957,1.436790,90548.033488,2001-01-01 19:09:08.033 -0600
0.673645,1.245148,-0.337265,1.455314,90548.003703,2001-01-01 19:09:08.004 -0600
0.563812,1.083374,-0.306931,1.259281,90547.973796,2001-01-01 19:09:07.974 -0600
0.506287,0.921677,-0.285751,1.089710,90547.944011,2001-01-01 19:09:07.944 -0600
0.481689,0.791290,-0.237656,0.956371,90547.914103,2001-01-01 19:09:07.914 -0600
0.480865,0.762329,-0.203400,0.923985,90547.884318,2001-01-01 19:09:07.884 -0600
0.482742,0.752106,-0.195297,0.914792,90547.854411,2001-01-01 19:09:07.854 -0600
0.494080,0.782532,-0.233093,0.954360,90547.824646,2001-01-01 19:09:07.825 -0600
0.506454,0.793259,-0.249817,0.973737,90547.794739,2001-01-01 19:09:07.795 -0600
0.492172,0.774673,-0.262894,0.954707,90547.764953,2001-01-01 19:09:07.765 -0600
0.470413,0.752472,-0.256989,0.923875,90547.735046,2001-01-01 19:09:07.735 -0600
0.443863,0.769974,-0.263199,0.926902,90547.705261,2001-01-01 19:09:07.705 -0600
0.448425,0.782379,-0.281479,0.944687,90547.675354,2001-01-01 19:09:07.675 -0600
0.479996,0.794113,-0.290421,0.972294,90547.645569,2001-01-01 19:09:07.646 -0600
0.470673,0.776566,-0.285370,0.951852,90547.615661,2001-01-01 19:09:07.616 -0600
0.414825,0.771622,-0.263290,0.914769,90547.585876,2001-01-01 19:09:07.586 -0600
0.401825,0.755768,-0.255844,0.893367,90547.555969,2001-01-01 19:09:07.556 -0600
0.484741,0.801010,-0.251801,0.969533,90547.526184,2001-01-01 19:09:07.526 -0600
0.646851,0.823532,-0.208694,1.067789,90547.496277,2001-01-01 19:09:07.496 -0600
0.685257,0.878067,-0.142914,1.122944,90547.466491,2001-01-01 19:09:07.466 -0600
0.652328,0.840759,-0.119034,1.070784,90547.436584,2001-01-01 19:09:07.437 -0600
0.568115,0.750824,-0.164993,0.955884,90547.406799,2001-01-01 19:09:07.407 -0600
0.458557,0.711594,-0.191345,0.867902,90547.376892,2001-01-01 19:09:07.377 -0600
0.420456,0.715408,-0.213287,0.856787,90547.347107,2001-01-01 19:09:07.347 -0600
0.459305,0.814117,-0.270447,0.973083,90547.317230,2001-01-01 19:09:07.317 -0600
0.577545,0.930771,-0.311325,1.138778,90547.287445,2001-01-01 19:09:07.287 -0600
0.627182,1.050385,-0.272659,1.253399,90547.257538,2001-01-01 19:09:07.258 -0600
0.655563,1.057404,-0.178329,1.256848,90547.227752,2001-01-01 19:09:07.228 -0600
0.642532,0.984146,-0.092117,1.178930,90547.197845,2001-01-01 19:09:07.198 -0600
0.586685,0.870804,-0.018036,1.050154,90547.168060,2001-01-01 19:09:07.168 -0600
0.483109,0.849976,0.019379,0.977869,90547.138153,2001-01-01 19:09:07.138 -0600
0.387283,0.810349,0.036179,0.898867,90547.108368,2001-01-01 19:09:07.108 -0600
0.409256,0.786377,-0.040421,0.887419,90547.078460,2001-01-01 19:09:07.078 -0600
0.529999,0.888351,-0.112015,1.040488,90547.048675,2001-01-01 19:09:07.049 -0600
0.560913,0.899155,-0.103378,1.064796,90547.018768,2001-01-01 19:09:07.019 -0600
0.455734,0.836365,-0.077118,0.955587,90546.988983,2001-01-01 19:09:06.989 -0600
0.373138,0.848648,-0.091049,0.931518,90546.959076,2001-01-01 19:09:06.959 -0600
0.341690,0.805679,-0.093262,0.880096,90546.929291,2001-01-01 19:09:06.929 -0600
0.385849,0.838577,-0.143616,0.934193,90546.899383,2001-01-01 19:09:06.899 -0600
0.569290,0.847290,-0.212326,1.042628,90546.869598,2001-01-01 19:09:06.870 -0600
0.594955,0.914169,-0.192398,1.107562,90546.839715,2001-01-01 19:09:06.840 -0600
0.454086,0.933670,-0.059265,1.039926,90546.809931,2001-01-01 19:09:06.810 -0600
0.408966,0.894989,-0.112701,0.990434,90546.780024,2001-01-01 19:09:06.780 -0600
0.448837,0.811981,-0.221954,0.953956,90546.750269,2001-01-01 19:09:06.750 -0600
0.409515,0.865509,-0.245972,0.988590,90546.720331,2001-01-01 19:09:06.720 -0600
0.408661,0.845016,-0.258148,0.973497,90546.690577,2001-01-01 19:09:06.691 -0600
0.532242,0.858597,-0.268707,1.045310,90546.660669,2001-01-01 19:09:06.661 -0600
0.523819,0.837692,-0.230423,1.014500,90546.630884,2001-01-01 19:09:06.631 -0600
0.608215,0.859238,-0.252197,1.082506,90546.600977,2001-01-01 19:09:06.601 -0600
0.740570,0.853622,-0.235992,1.154473,90546.571191,2001-01-01 19:09:06.571 -0600
0.714920,1.049362,-0.235016,1.291319,90546.541285,2001-01-01 19:09:06.541 -0600
0.771576,0.762207,-0.260345,1.115378,90546.511499,2001-01-01 19:09:06.511 -0600
0.836578,0.743042,-0.269562,1.150929,90546.481592,2001-01-01 19:09:06.482 -0600
0.683426,0.863174,-0.307983,1.143239,90546.451807,2001-01-01 19:09:06.452 -0600
0.418091,0.768402,-0.298660,0.924359,90546.421900,2001-01-01 19:09:06.422 -0600
0.218292,0.623306,-0.276733,0.716061,90546.392115,2001-01-01 19:09:06.392 -0600
0.269470,0.628311,-0.397522,0.790830,90546.362207,2001-01-01 19:09:06.362 -0600
0.340088,0.623932,-0.457993,0.845404,90546.332422,2001-01-01 19:09:06.332 -0600
0.305222,0.661911,-0.460678,0.862271,90546.302514,2001-01-01 19:09:06.303 -0600
0.254059,0.741577,-0.444839,0.901313,90546.272760,2001-01-01 19:09:06.273 -0600
0.303680,0.683533,-0.503723,0.901763,90546.242852,2001-01-01 19:09:06.243 -0600
0.285263,0.844757,-0.444458,0.996259,90546.213068,2001-01-01 19:09:06.213 -0600
0.351990,0.892548,-0.505814,1.084613,90546.183161,2001-01-01 19:09:06.183 -0600
0.459091,0.910721,-0.529526,1.149163,90546.153375,2001-01-01 19:09:06.153 -0600
0.436752,0.963333,-0.541855,1.188432,90546.123468,2001-01-01 19:09:06.123 -0600
0.345337,0.905334,-0.575775,1.127122,90546.093683,2001-01-01 19:09:06.094 -0600
0.176758,0.884903,-0.682449,1.131386,90546.063776,2001-01-01 19:09:06.064 -0600
-0.012314,0.915390,-0.788025,1.207921,90546.033991,2001-01-01 19:09:06.034 -0600
-0.107971,0.741364,-0.810974,1.104064,90546.004084,2001-01-01 19:09:06.004 -0600
-0.253860,0.776962,-0.814957,1.154240,90545.974268,2001-01-01 19:09:05.974 -0600
-0.286011,0.588562,-0.894775,1.108526,90545.944361,2001-01-01 19:09:05.944 -0600
-0.502640,0.760284,-0.929657,1.301899,90545.914576,2001-01-01 19:09:05.915 -0600
-0.712082,0.433182,-0.817825,1.167709,90545.884668,2001-01-01 19:09:05.885 -0600
-1.073166,0.731705,-0.703735,1.477268,90545.854883,2001-01-01 19:09:05.855 -0600
-0.984055,0.476990,-0.601776,1.248206,90545.825037,2001-01-01 19:09:05.825 -0600
-0.512634,0.031036,-0.641464,0.821726,90545.795252,2001-01-01 19:09:05.795 -0600
-0.295700,0.068558,-0.717667,0.779220,90545.765345,2001-01-01 19:09:05.765 -0600
-0.319458,0.056458,-0.783859,0.848337,90545.735560,2001-01-01 19:09:05.736 -0600
-0.515060,-0.008255,-0.667053,0.842802,90545.705653,2001-01-01 19:09:05.706 -0600
-0.903732,-0.102417,-0.470383,1.023954,90545.675868,2001-01-01 19:09:05.676 -0600
-0.933167,-0.161407,-0.580978,1.111030,90545.645960,2001-01-01 19:09:05.646 -0600
-0.723373,-0.131973,-0.674820,0.998032,90545.616175,2001-01-01 19:09:05.616 -0600
-0.813858,-0.058853,-0.453552,0.933562,90545.586298,2001-01-01 19:09:05.586 -0600
-0.711166,-0.193954,-0.572464,0.933323,90545.556513,2001-01-01 19:09:05.557 -0600
-0.454926,-0.089569,-0.803665,0.927824,90545.526606,2001-01-01 19:09:05.527 -0600
-0.137543,0.096558,-0.746170,0.764860,90545.496821,2001-01-01 19:09:05.497 -0600
-0.772949,-0.327576,-0.819794,1.173379,90545.466914,2001-01-01 19:09:05.467 -0600
-0.209061,0.087753,-0.693008,0.729155,90545.437129,2001-01-01 19:09:05.437 -0600
-0.388763,-0.149612,-0.907776,0.998788,90545.407221,2001-01-01 19:09:05.407 -0600
-0.366394,-0.178162,-0.796585,0.894726,90545.377467,2001-01-01 19:09:05.377 -0600
-0.425888,-0.163589,-0.777527,0.901493,90545.347559,2001-01-01 19:09:05.348 -0600
-0.366089,-0.258591,-0.777603,0.897528,90545.317774,2001-01-01 19:09:05.318 -0600
-0.373062,-0.158005,-0.840179,0.932761,90545.287867,2001-01-01 19:09:05.288 -0600
-0.379089,-0.233566,-0.820541,0.933568,90545.258082,2001-01-01 19:09:05.258 -0600
-0.511551,-0.221954,-0.749832,0.934450,90545.228175,2001-01-01 19:09:05.228 -0600
-0.556000,-0.274323,-0.821289,1.029031,90545.198390,2001-01-01 19:09:05.198 -0600
-0.532440,-0.270370,-0.810287,1.006558,90545.168513,2001-01-01 19:09:05.169 -0600
-0.566132,-0.084686,-0.989609,1.143242,90545.138728,2001-01-01 19:09:05.139 -0600
-0.330353,-0.245667,-0.965988,1.050056,90545.108820,2001-01-01 19:09:05.109 -0600
-0.506927,-0.313873,-0.899277,1.078977,90545.079035,2001-01-01 19:09:05.079 -0600
-0.511887,-0.285004,-0.840546,1.024584,90545.049128,2001-01-01 19:09:05.049 -0600
-0.210403,-0.075851,-0.855316,0.884075,90545.019373,2001-01-01 19:09:05.019 -0600
0.028473,0.149612,-1.263306,1.272453,90544.986506,2001-01-01 19:09:04.987 -0600
-0.008316,-0.015900,-1.214294,1.214427,90544.956660,2001-01-01 19:09:04.957 -0600
-0.151474,-0.237823,-0.814468,0.861895,90544.926844,2001-01-01 19:09:04.927 -0600
-0.502625,-0.341797,-0.990982,1.162541,90544.896967,2001-01-01 19:09:04.897 -0600
0.077911,-0.063629,-0.818283,0.824443,90544.867182,2001-01-01 19:09:04.867 -0600
-0.059006,0.177216,-0.844101,0.864519,90544.837326,2001-01-01 19:09:04.837 -0600
-0.089508,0.002777,-0.891449,0.895936,90544.807540,2001-01-01 19:09:04.808 -0600
-0.131271,0.165237,-0.942108,0.965455,90544.777633,2001-01-01 19:09:04.778 -0600
0.010391,0.138336,-0.981918,0.991670,90544.747848,2001-01-01 19:09:04.748 -0600
-0.108261,-0.197815,-0.994278,1.019529,90544.717941,2001-01-01 19:09:04.718 -0600
-0.031021,0.120712,-0.986511,0.994353,90544.688156,2001-01-01 19:09:04.688 -0600
0.012177,0.251862,-0.890320,0.925339,90544.658248,2001-01-01 19:09:04.658 -0600
0.034637,0.370102,-0.917908,0.990318,90544.628463,2001-01-01 19:09:04.628 -0600
0.033066,0.111404,-0.928360,0.935605,90544.598587,2001-01-01 19:09:04.599 -0600
0.220963,-0.011276,-1.001358,1.025509,90544.568740,2001-01-01 19:09:04.569 -0600
0.307907,0.333771,-1.038712,1.133636,90544.538894,2001-01-01 19:09:04.539 -0600
0.166306,0.439163,-1.009094,1.113011,90544.509048,2001-01-01 19:09:04.509 -0600
0.129364,0.348999,-0.947540,1.018022,90544.479263,2001-01-01 19:09:04.479 -0600
-0.131775,-0.114410,-0.808411,0.827032,90544.449386,2001-01-01 19:09:04.449 -0600
-0.076752,0.363724,-0.828842,0.908386,90544.419601,2001-01-01 19:09:04.420 -0600
0.018784,0.396362,-0.944290,1.024275,90544.389694,2001-01-01 19:09:04.390 -0600
0.072586,0.197525,-0.928085,0.951644,90544.359909,2001-01-01 19:09:04.360 -0600
-0.055161,0.317947,-0.965973,1.018448,90544.330032,2001-01-01 19:09:04.330 -0600
-0.334579,0.289536,-1.066849,1.154963,90544.300247,2001-01-01 19:09:04.300 -0600
-0.174988,0.221252,-0.786682,0.835729,90544.270370,2001-01-01 19:09:04.270 -0600
-0.038040,0.263611,-0.818405,0.860654,90544.240585,2001-01-01 19:09:04.241 -0600
-0.003693,0.398575,-0.914520,0.997609,90544.210678,2001-01-01 19:09:04.211 -0600
0.166626,0.331268,-0.938766,1.009349,90544.180892,2001-01-01 19:09:04.181 -0600
-0.000992,0.485504,-0.689026,0.842895,90544.151016,2001-01-01 19:09:04.151 -0600
-0.154770,0.545792,-0.788132,0.971079,90544.121231,2001-01-01 19:09:04.121 -0600
-0.104248,0.495850,-0.813080,0.958036,90544.091323,2001-01-01 19:09:04.091 -0600
-0.083481,0.451065,-0.790283,0.913770,90544.061569,2001-01-01 19:09:04.062 -0600
-0.165741,0.606644,-0.840179,1.049470,90544.031661,2001-01-01 19:09:04.032 -0600
-0.102753,0.591904,-0.818405,1.015232,90544.001907,2001-01-01 19:09:04.002 -0600
-0.132416,0.692001,-0.704193,0.996136,90543.972000,2001-01-01 19:09:03.972 -0600
-0.113571,0.787109,-0.711258,1.066924,90543.942214,2001-01-01 19:09:03.942 -0600
-0.066833,0.833450,-0.598480,1.028244,90543.912338,2001-01-01 19:09:03.912 -0600
-0.043716,0.930740,-0.617966,1.118065,90543.882553,2001-01-01 19:09:03.883 -0600
-0.006744,0.919067,-0.631668,1.115229,90543.852645,2001-01-01 19:09:03.853 -0600
0.041962,0.926239,-0.622330,1.116680,90543.822905,2001-01-01 19:09:03.823 -0600
0.052231,0.956924,-0.649628,1.157777,90543.792998,2001-01-01 19:09:03.793 -0600
0.030487,1.020035,-0.649277,1.209529,90543.763212,2001-01-01 19:09:03.763 -0600
-0.001114,1.010101,-0.583939,1.166743,90543.733305,2001-01-01 19:09:03.733 -0600
0.004929,1.034286,-0.554123,1.173382,90543.703550,2001-01-01 19:09:03.704 -0600
0.085251,0.945221,-0.531754,1.087875,90543.673643,2001-01-01 19:09:03.674 -0600
0.169235,0.919357,-0.484070,1.052702,90543.643858,2001-01-01 19:09:03.644 -0600
0.197327,0.889236,-0.435074,1.009440,90543.613951,2001-01-01 19:09:03.614 -0600
0.195038,0.952927,-0.401779,1.052395,90543.584166,2001-01-01 19:09:03.584 -0600
0.140518,1.041397,-0.366470,1.112903,90543.554258,2001-01-01 19:09:03.554 -0600
0.074860,1.109894,-0.315857,1.156388,90543.524473,2001-01-01 19:09:03.524 -0600
0.101059,1.023605,-0.324158,1.078452,90543.494566,2001-01-01 19:09:03.495 -0600
0.118683,0.949951,-0.353333,1.020459,90543.464781,2001-01-01 19:09:03.465 -0600
0.112183,0.905762,-0.387024,0.991351,90543.434904,2001-01-01 19:09:03.435 -0600
0.072891,0.809067,-0.436111,0.922006,90543.405119,2001-01-01 19:09:03.405 -0600
0.121292,1.097275,-0.474274,1.201524,90543.375212,2001-01-01 19:09:03.375 -0600
0.116577,1.308716,-0.571747,1.432907,90543.345427,2001-01-01 19:09:03.345 -0600
0.021790,1.109192,-0.684998,1.303842,90543.315519,2001-01-01 19:09:03.316 -0600
0.108673,1.007584,-0.735046,1.251930,90543.285734,2001-01-01 19:09:03.286 -0600
0.206268,0.849777,-0.577515,1.047946,90543.255827,2001-01-01 19:09:03.256 -0600
0.179214,0.826965,-0.632721,1.056563,90543.226042,2001-01-01 19:09:03.226 -0600
0.080063,0.805115,-0.623566,1.021496,90543.196165,2001-01-01 19:09:03.196 -0600
-0.014160,0.705673,-0.668655,0.972253,90543.166380,2001-01-01 19:09:03.166 -0600
-0.055908,0.684921,-0.793640,1.049813,90543.136473,2001-01-01 19:09:03.136 -0600
-0.006104,0.677628,-0.821136,1.064651,90543.106688,2001-01-01 19:09:03.107 -0600
0.039963,0.570206,-0.814499,0.995058,90543.076780,2001-01-01 19:09:03.077 -0600
-0.067017,0.599716,-0.702499,0.926097,90543.046995,2001-01-01 19:09:03.047 -0600
-0.195694,0.590820,-0.644135,0.895698,90543.017119,2001-01-01 19:09:03.017 -0600
-0.177170,0.410492,-0.614227,0.759716,90542.987333,2001-01-01 19:09:02.987 -0600
-0.052612,0.374222,-0.700363,0.795813,90542.957426,2001-01-01 19:09:02.957 -0600
-0.002228,0.566589,-0.891907,1.056658,90542.927641,2001-01-01 19:09:02.928 -0600
0.159546,0.447266,-0.965958,1.076371,90542.897734,2001-01-01 19:09:02.898 -0600
0.031738,0.647949,-0.975220,1.171281,90542.867949,2001-01-01 19:09:02.868 -0600
0.022308,0.442307,-0.880600,0.985692,90542.838068,2001-01-01 19:09:02.838 -0600
-0.099655,0.312485,-0.831924,0.894246,90542.808283,2001-01-01 19:09:02.808 -0600
-0.246857,0.271591,-0.800583,0.880700,90542.778376,2001-01-01 19:09:02.778 -0600
-0.206131,0.234161,-0.771698,0.832370,90542.748591,2001-01-01 19:09:02.749 -0600
-0.039612,0.230591,-0.577789,0.623363,90542.718684,2001-01-01 19:09:02.719 -0600
0.022430,0.198288,-0.711807,0.739250,90542.688899,2001-01-01 19:09:02.689 -0600
0.048630,0.121109,-0.820984,0.831292,90542.658991,2001-01-01 19:09:02.659 -0600
0.051804,0.633194,-0.625961,0.891878,90542.629206,2001-01-01 19:09:02.629 -0600
0.202377,0.298599,-0.673294,0.763834,90542.599329,2001-01-01 19:09:02.599 -0600
0.201889,0.441711,-0.675323,0.831823,90542.569544,2001-01-01 19:09:02.570 -0600
0.225204,0.163803,-0.835632,0.880812,90542.539637,2001-01-01 19:09:02.540 -0600
0.223282,0.770813,-0.569077,0.983797,90542.509852,2001-01-01 19:09:02.510 -0600
0.262039,0.654419,-0.816986,1.079071,90542.479945,2001-01-01 19:09:02.480 -0600
0.104202,0.596786,-0.871445,1.061333,90542.450160,2001-01-01 19:09:02.450 -0600
0.278076,1.169388,-1.097305,1.627536,90542.420252,2001-01-01 19:09:02.420 -0600
0.311066,1.287079,-0.875671,1.587493,90542.390467,2001-01-01 19:09:02.390 -0600
0.109283,0.655640,-0.817780,1.053836,90542.360590,2001-01-01 19:09:02.361 -0600
0.143402,0.628235,-0.761642,0.997669,90542.329737,2001-01-01 19:09:02.330 -0600
0.045944,0.582138,-0.827637,1.012906,90542.299891,2001-01-01 19:09:02.300 -0600
0.013214,0.804794,-0.904953,1.211119,90542.270106,2001-01-01 19:09:02.270 -0600
-0.040466,0.710373,-0.749557,1.033491,90542.240229,2001-01-01 19:09:02.240 -0600
-0.134857,0.768234,-0.603271,0.986056,90542.210444,2001-01-01 19:09:02.210 -0600
-0.170074,0.941940,-0.649002,1.156452,90542.180537,2001-01-01 19:09:02.181 -0600
-0.126984,0.871002,-0.688156,1.117286,90542.150752,2001-01-01 19:09:02.151 -0600
0.150116,0.911804,-0.601990,1.102866,90542.120844,2001-01-01 19:09:02.121 -0600
-0.108170,0.938324,-0.538620,1.087320,90542.091059,2001-01-01 19:09:02.091 -0600
-0.009369,0.710968,-0.709396,1.004394,90542.061152,2001-01-01 19:09:02.061 -0600
-0.120850,0.676331,-0.612686,0.920550,90542.031367,2001-01-01 19:09:02.031 -0600
-0.024704,0.674362,-0.713150,0.981813,90542.001460,2001-01-01 19:09:02.001 -0600
-0.029007,0.655334,-0.570786,0.869541,90541.971705,2001-01-01 19:09:01.972 -0600
-0.088989,0.731781,-0.577271,0.936303,90541.941798,2001-01-01 19:09:01.942 -0600
-0.118484,0.824738,-0.505768,0.974696,90541.912013,2001-01-01 19:09:01.912 -0600
-0.295151,0.888931,-0.584412,1.104015,90541.882105,2001-01-01 19:09:01.882 -0600
0.316162,0.793335,-0.458145,0.969142,90541.852320,2001-01-01 19:09:01.852 -0600
-0.012497,0.787354,-0.513733,0.940214,90541.822432,2001-01-01 19:09:01.822 -0600
0.042572,0.698273,-0.479691,0.848234,90541.792647,2001-01-01 19:09:01.793 -0600
0.138855,0.697754,-0.443161,0.838172,90541.762770,2001-01-01 19:09:01.763 -0600
0.129562,0.730820,-0.491440,0.890167,90541.732985,2001-01-01 19:09:01.733 -0600
0.110626,0.921463,-0.479874,1.044802,90541.703078,2001-01-01 19:09:01.703 -0600
-0.021332,1.162796,-0.513199,1.271189,90541.673293,2001-01-01 19:09:01.673 -0600
-0.080658,1.095047,-0.585297,1.244269,90541.643385,2001-01-01 19:09:01.643 -0600
-0.081055,0.972855,-0.618729,1.155786,90541.613600,2001-01-01 19:09:01.614 -0600
-0.091660,0.931046,-0.530838,1.075656,90541.583693,2001-01-01 19:09:01.584 -0600
-0.130920,0.990509,-0.508469,1.121066,90541.553908,2001-01-01 19:09:01.554 -0600
-0.145660,0.986069,-0.523773,1.126005,90541.524031,2001-01-01 19:09:01.524 -0600
-0.185272,0.929703,-0.515320,1.078994,90541.494246,2001-01-01 19:09:01.494 -0600
-0.199631,0.909927,-0.518616,1.066200,90541.464339,2001-01-01 19:09:01.464 -0600
-0.206818,0.869415,-0.532532,1.040311,90541.434554,2001-01-01 19:09:01.435 -0600
-0.228836,0.821411,-0.500702,0.988830,90541.404646,2001-01-01 19:09:01.405 -0600
-0.274414,0.805969,-0.505341,0.990080,90541.374861,2001-01-01 19:09:01.375 -0600
-0.309875,0.804611,-0.548248,1.021762,90541.344954,2001-01-01 19:09:01.345 -0600
-0.354919,0.769623,-0.584351,1.029443,90541.315169,2001-01-01 19:09:01.315 -0600
-0.414597,0.804810,-0.621994,1.098401,90541.285262,2001-01-01 19:09:01.285 -0600
-0.390884,0.824188,-0.575607,1.078611,90541.255476,2001-01-01 19:09:01.255 -0600
-0.330612,0.920349,-0.576584,1.135251,90541.225569,2001-01-01 19:09:01.226 -0600
-0.275543,1.062134,-0.544266,1.224858,90541.195784,2001-01-01 19:09:01.196 -0600
-0.227921,1.118851,-0.498657,1.245967,90541.165907,2001-01-01 19:09:01.166 -0600
-0.158203,1.324097,-0.442856,1.405127,90541.136122,2001-01-01 19:09:01.136 -0600
-0.171219,1.193451,-0.559204,1.329041,90541.106215,2001-01-01 19:09:01.106 -0600
-0.141739,0.988754,-0.526184,1.128979,90541.076430,2001-01-01 19:09:01.076 -0600
-0.098282,0.991165,-0.730087,1.234947,90541.046523,2001-01-01 19:09:01.047 -0600
-0.076324,0.952896,-0.602264,1.129849,90541.016737,2001-01-01 19:09:01.017 -0600
-0.195160,1.014587,-0.478500,1.138612,90540.986830,2001-01-01 19:09:00.987 -0600
-0.364059,0.918762,-0.472687,1.095489,90540.957045,2001-01-01 19:09:00.957 -0600
-0.296951,0.590515,-0.290222,0.721884,90540.927138,2001-01-01 19:09:00.927 -0600
-0.102402,0.780212,-0.324280,0.851102,90540.897353,2001-01-01 19:09:00.897 -0600
0.377258,1.293167,-0.652679,1.496862,90540.867476,2001-01-01 19:09:00.867 -0600
0.832382,0.878052,-0.749298,1.423124,90540.837691,2001-01-01 19:09:00.838 -0600
0.309525,0.344452,-0.624527,0.777487,90540.807804,2001-01-01 19:09:00.808 -0600
-0.131973,0.332458,-0.667740,0.757510,90540.778019,2001-01-01 19:09:00.778 -0600
-0.255890,0.498001,-0.549637,0.784592,90540.748112,2001-01-01 19:09:00.748 -0600
-0.084335,0.562714,-0.500641,0.757892,90540.718327,2001-01-01 19:09:00.718 -0600
0.086014,0.355255,-0.651581,0.747102,90540.688420,2001-01-01 19:09:00.688 -0600
0.057770,0.240005,-0.732483,0.772963,90540.658635,2001-01-01 19:09:00.659 -0600
-0.089142,0.746185,-0.712845,1.035802,90540.628758,2001-01-01 19:09:00.629 -0600
0.025528,0.663116,-0.787766,1.030024,90540.598973,2001-01-01 19:09:00.599 -0600
-0.112671,0.677704,-0.676575,0.964225,90540.569065,2001-01-01 19:09:00.569 -0600
-0.146851,0.777161,-0.650085,1.023794,90540.539280,2001-01-01 19:09:00.539 -0600
-0.024673,0.548645,-0.815689,0.983346,90540.509373,2001-01-01 19:09:00.509 -0600
-0.185623,1.131500,-0.710403,1.348859,90540.479588,2001-01-01 19:09:00.480 -0600
-0.156158,0.689713,-0.747437,1.028956,90540.449681,2001-01-01 19:09:00.450 -0600
-0.168076,0.789551,-0.804459,1.139646,90540.419896,2001-01-01 19:09:00.420 -0600
-0.120651,0.764709,-0.837067,1.140183,90540.389988,2001-01-01 19:09:00.390 -0600
-0.052261,0.581512,-0.815353,1.002841,90540.360203,2001-01-01 19:09:00.360 -0600
-0.070511,0.576752,-0.870987,1.047011,90540.330326,2001-01-01 19:09:00.330 -0600
0.012039,0.758347,-0.680679,1.019097,90540.300541,2001-01-01 19:09:00.301 -0600
-0.056335,0.901566,-0.700836,1.143313,90540.270634,2001-01-01 19:09:00.271 -0600
-0.314087,0.638504,-0.589447,0.924005,90540.240849,2001-01-01 19:09:00.241 -0600
0.295258,0.784012,-0.770721,1.138360,90540.210942,2001-01-01 19:09:00.211 -0600
0.007309,0.637436,-0.669235,0.924258,90540.181157,2001-01-01 19:09:00.181 -0600
0.071671,0.735931,-0.587616,0.944470,90540.151280,2001-01-01 19:09:00.151 -0600
0.021759,0.683319,-0.648651,0.942415,90540.121495,2001-01-01 19:09:00.121 -0600
-0.023651,0.686676,-0.645279,0.942586,90540.091587,2001-01-01 19:09:00.092 -0600
-0.118622,0.690231,-0.615372,0.932294,90540.061802,2001-01-01 19:09:00.062 -0600
-0.278259,0.667709,-0.661880,0.980484,90540.031895,2001-01-01 19:09:00.032 -0600
-0.467117,0.573120,-0.763992,1.063179,90540.002110,2001-01-01 19:09:00.002 -0600
-0.562805,0.528809,-0.938156,1.215123,90539.972233,2001-01-01 19:08:59.972 -0600
-0.489655,0.544052,-0.932693,1.185610,90539.942448,2001-01-01 19:08:59.942 -0600
-0.461075,0.639130,-0.962616,1.244068,90539.912541,2001-01-01 19:08:59.913 -0600
-0.350418,0.718597,-0.923645,1.221595,90539.882756,2001-01-01 19:08:59.883 -0600
-0.270676,0.629837,-0.865616,1.104197,90539.852848,2001-01-01 19:08:59.853 -0600
-0.155655,0.682312,-0.799683,1.062671,90539.823077,2001-01-01 19:08:59.823 -0600
-0.042038,0.567154,-0.660614,0.871689,90539.793170,2001-01-01 19:08:59.793 -0600
-0.075043,0.592346,-0.730652,0.943588,90539.763385,2001-01-01 19:08:59.763 -0600
-0.076797,0.553375,-0.699326,0.895086,90539.733478,2001-01-01 19:08:59.733 -0600
-0.257614,0.548325,-0.776642,0.984986,90539.703693,2001-01-01 19:08:59.704 -0600
-0.290070,0.551529,-0.878860,1.077367,90539.673785,2001-01-01 19:08:59.674 -0600
-0.218643,0.563446,-0.819443,1.018215,90539.644000,2001-01-01 19:08:59.644 -0600
-0.307617,0.521912,-0.778870,0.986741,90539.614123,2001-01-01 19:08:59.614 -0600
-0.318665,0.522995,-0.848846,1.046714,90539.584338,2001-01-01 19:08:59.584 -0600
-0.186050,0.587448,-0.784439,0.997524,90539.554431,2001-01-01 19:08:59.554 -0600
-0.146759,0.519852,-0.706421,0.889278,90539.524646,2001-01-01 19:08:59.525 -0600
-0.155853,0.461624,-0.826309,0.959257,90539.494739,2001-01-01 19:08:59.495 -0600
-0.185242,0.510635,-0.790131,0.958838,90539.464954,2001-01-01 19:08:59.465 -0600
-0.198090,0.495728,-0.799515,0.961358,90539.435046,2001-01-01 19:08:59.435 -0600
-0.197296,0.484955,-0.831726,0.982790,90539.405261,2001-01-01 19:08:59.405 -0600
-0.223068,0.485626,-0.840576,0.996073,90539.375354,2001-01-01 19:08:59.375 -0600
-0.259827,0.501633,-0.850311,1.020869,90539.345569,2001-01-01 19:08:59.346 -0600
-0.289062,0.507721,-0.830887,1.015732,90539.315692,2001-01-01 19:08:59.316 -0600
-0.281372,0.577972,-0.819473,1.041518,90539.285907,2001-01-01 19:08:59.286 -0600
-0.100128,0.488708,-0.861374,0.995403,90539.255969,2001-01-01 19:08:59.256 -0600
0.009125,0.473938,-0.906219,1.022709,90539.226184,2001-01-01 19:08:59.226 -0600
-0.098053,0.453751,-0.923309,1.033443,90539.196307,2001-01-01 19:08:59.196 -0600
0.000977,0.521088,-0.845123,0.992858,90539.166522,2001-01-01 19:08:59.167 -0600
-0.077591,0.474396,-0.843979,0.971273,90539.136615,2001-01-01 19:08:59.137 -0600
-0.104385,0.529770,-0.799240,0.964540,90539.106830,2001-01-01 19:08:59.107 -0600
-0.293549,0.500626,-0.845337,1.025374,90539.076923,2001-01-01 19:08:59.077 -0600
-0.273621,0.545319,-0.813202,1.016631,90539.047137,2001-01-01 19:08:59.047 -0600
-0.435837,0.540451,-0.793594,1.054435,90539.017230,2001-01-01 19:08:59.017 -0600
-0.075058,0.521683,-0.855301,1.004652,90538.987475,2001-01-01 19:08:58.987 -0600
-0.140228,0.463028,-0.877411,1.001952,90538.957568,2001-01-01 19:08:58.958 -0600
-0.264175,0.490570,-0.905533,1.063220,90538.927783,2001-01-01 19:08:58.928 -0600
0.050293,0.458221,-0.872253,0.986571,90538.897906,2001-01-01 19:08:58.898 -0600
-0.029602,0.508820,-0.861328,1.000830,90538.868121,2001-01-01 19:08:58.868 -0600
-0.174057,0.459869,-0.837265,0.970973,90538.838264,2001-01-01 19:08:58.838 -0600
-0.151016,0.507462,-0.821960,0.977723,90538.808509,2001-01-01 19:08:58.809 -0600
-0.187500,0.443680,-0.885254,1.007811,90538.778602,2001-01-01 19:08:58.779 -0600
-0.350830,0.470856,-0.800995,0.993166,90538.748817,2001-01-01 19:08:58.749 -0600
-0.247009,0.538376,-0.763062,0.965984,90538.718910,2001-01-01 19:08:58.719 -0600
-0.296494,0.413055,-0.867401,1.005439,90538.689155,2001-01-01 19:08:58.689 -0600
-0.216248,0.444885,-0.865067,0.996507,90538.659248,2001-01-01 19:08:58.659 -0600
-0.232285,0.456543,-0.872360,1.011632,90538.629463,2001-01-01 19:08:58.629 -0600
-0.279816,0.553375,-0.803528,1.014977,90538.599586,2001-01-01 19:08:58.600 -0600
-0.277130,0.508926,-0.853226,1.031407,90538.569801,2001-01-01 19:08:58.570 -0600
-0.222168,0.436386,-0.832886,0.966173,90538.539894,2001-01-01 19:08:58.540 -0600
-0.257553,0.465393,-0.807480,0.966927,90538.510139,2001-01-01 19:08:58.510 -0600
-0.225937,0.467285,-0.872559,1.015264,90538.480232,2001-01-01 19:08:58.480 -0600
-0.281662,0.452621,-0.838257,0.993415,90538.450447,2001-01-01 19:08:58.450 -0600
-0.336426,0.462753,-0.852829,1.026957,90538.420569,2001-01-01 19:08:58.421 -0600
-0.243469,0.520676,-0.852127,1.027862,90538.390785,2001-01-01 19:08:58.391 -0600
-0.189896,0.443253,-0.839111,0.967802,90538.360878,2001-01-01 19:08:58.361 -0600
-0.233017,0.427490,-0.897217,1.020805,90538.331092,2001-01-01 19:08:58.331 -0600
-0.140228,0.389557,-0.927811,1.015998,90538.301216,2001-01-01 19:08:58.301 -0600
-0.260941,0.395447,-0.935577,1.048701,90538.271431,2001-01-01 19:08:58.271 -0600
-0.387161,0.389313,-0.828842,0.994202,90538.241554,2001-01-01 19:08:58.242 -0600
-0.352570,0.400879,-0.796967,0.959252,90538.211769,2001-01-01 19:08:58.212 -0600
-0.007233,0.376450,-0.875671,0.953188,90538.181861,2001-01-01 19:08:58.182 -0600
0.085144,0.629990,-0.970886,1.160498,90538.152076,2001-01-01 19:08:58.152 -0600
0.048676,0.283752,-0.954926,0.997380,90538.096351,2001-01-01 19:08:58.096 -0600
-0.213806,0.161957,-0.935730,0.973413,90538.066505,2001-01-01 19:08:58.067 -0600
-0.420670,0.330841,-0.920685,1.064932,90538.036750,2001-01-01 19:08:58.037 -0600
-0.240402,0.256958,-0.811707,0.884697,90538.006843,2001-01-01 19:08:58.007 -0600
0.037216,-0.275146,-0.719147,0.770884,90537.977088,2001-01-01 19:08:57.977 -0600
0.062469,0.076080,-0.788239,0.794362,90537.947181,2001-01-01 19:08:57.947 -0600
-0.143768,0.430817,-0.889847,0.999049,90537.917427,2001-01-01 19:08:57.917 -0600
-0.078232,0.582825,-0.881592,1.059721,90537.887519,2001-01-01 19:08:57.888 -0600
0.022369,0.490295,-0.911972,1.035656,90537.857765,2001-01-01 19:08:57.858 -0600
-0.124954,0.415726,-0.892273,0.992266,90537.827878,2001-01-01 19:08:57.828 -0600
-0.066086,0.424789,-0.923843,1.018970,90537.798092,2001-01-01 19:08:57.798 -0600
-0.182571,0.601334,-0.942444,1.132755,90537.768216,2001-01-01 19:08:57.768 -0600
0.028702,0.442673,-0.962097,1.059440,90537.738430,2001-01-01 19:08:57.738 -0600
-0.108093,0.335693,-0.943680,1.007425,90537.708554,2001-01-01 19:08:57.709 -0600
-0.150146,0.469727,-0.938354,1.060045,90537.678769,2001-01-01 19:08:57.679 -0600
-0.099380,0.309601,-0.962082,1.015545,90537.648892,2001-01-01 19:08:57.649 -0600
-0.202057,0.440460,-0.892731,1.015776,90537.619107,2001-01-01 19:08:57.619 -0600
-0.174973,0.322464,-0.916336,0.987051,90537.589230,2001-01-01 19:08:57.589 -0600
-0.147415,0.388626,-0.890030,0.982301,90537.559445,2001-01-01 19:08:57.559 -0600
-0.238846,0.532272,-0.925842,1.094324,90537.529538,2001-01-01 19:08:57.530 -0600
-0.187073,0.537704,-0.930389,1.090755,90537.499783,2001-01-01 19:08:57.500 -0600
-0.024139,0.346161,-0.893387,0.958410,90537.469876,2001-01-01 19:08:57.470 -0600
-0.008850,0.400894,-0.835693,0.926918,90537.440091,2001-01-01 19:08:57.440 -0600
-0.143127,0.555786,-0.806580,0.989926,90537.410214,2001-01-01 19:08:57.410 -0600
0.062881,0.352570,-0.936111,1.002279,90537.380429,2001-01-01 19:08:57.380 -0600
0.065414,0.395508,-0.920792,1.004272,90537.350522,2001-01-01 19:08:57.351 -0600
0.285812,0.423889,-0.926102,1.057845,90537.320736,2001-01-01 19:08:57.321 -0600
0.358185,0.292496,-0.988464,1.091289,90537.290860,2001-01-01 19:08:57.291 -0600
0.277954,0.227905,-0.892548,0.962206,90537.261075,2001-01-01 19:08:57.261 -0600
0.510300,0.342621,-0.896439,1.086921,90537.231167,2001-01-01 19:08:57.231 -0600
0.373367,0.306168,-0.842285,0.970869,90537.201413,2001-01-01 19:08:57.201 -0600
0.595840,0.454361,-0.936966,1.199740,90537.171505,2001-01-01 19:08:57.172 -0600
0.618225,0.622253,-0.857452,1.226632,90537.141720,2001-01-01 19:08:57.142 -0600
0.619415,0.257660,-0.923813,1.141707,90537.111844,2001-01-01 19:08:57.112 -0600
0.367126,0.197601,-0.877518,0.971527,90537.082058,2001-01-01 19:08:57.082 -0600
0.200775,0.259003,-0.886185,0.944837,90537.052151,2001-01-01 19:08:57.052 -0600
0.328995,0.225952,-0.794022,0.888686,90537.022366,2001-01-01 19:08:57.022 -0600
0.461823,0.143265,-0.801819,0.936332,90536.992489,2001-01-01 19:08:56.992 -0600
0.368546,0.450027,-0.825302,1.009690,90536.962704,2001-01-01 19:08:56.963 -0600
0.232849,0.297974,-0.796280,0.881515,90536.932827,2001-01-01 19:08:56.933 -0600
0.219223,0.236954,-0.824875,0.885790,90536.903042,2001-01-01 19:08:56.903 -0600
0.323654,0.287094,-0.823761,0.930461,90536.873135,2001-01-01 19:08:56.873 -0600
0.317413,0.163055,-0.781799,0.859388,90536.843350,2001-01-01 19:08:56.843 -0600
0.427948,0.266602,-0.933868,1.061285,90536.813500,2001-01-01 19:08:56.813 -0600
0.430130,0.318573,-0.909286,1.055132,90536.783715,2001-01-01 19:08:56.784 -0600
0.381668,0.192612,-0.815308,0.920596,90536.753838,2001-01-01 19:08:56.754 -0600
0.388000,0.240036,-0.891785,1.001719,90536.724053,2001-01-01 19:08:56.724 -0600
0.605942,0.180817,-0.791672,1.013215,90536.694146,2001-01-01 19:08:56.694 -0600
0.567154,0.248886,-0.869202,1.067295,90536.664391,2001-01-01 19:08:56.664 -0600
0.594101,0.230301,-0.930634,1.127862,90536.634484,2001-01-01 19:08:56.634 -0600
0.546875,0.036804,-0.838455,1.001715,90536.604729,2001-01-01 19:08:56.605 -0600
0.625656,0.306534,-0.863037,1.109163,90536.574822,2001-01-01 19:08:56.575 -0600
0.450607,0.206177,-0.930786,1.054476,90536.545068,2001-01-01 19:08:56.545 -0600
0.427628,0.181534,-0.773972,0.902691,90536.515160,2001-01-01 19:08:56.515 -0600
0.486679,0.154160,-0.874084,1.012248,90536.485406,2001-01-01 19:08:56.485 -0600
0.205994,-0.024521,-0.738495,0.767078,90536.455499,2001-01-01 19:08:56.455 -0600
0.545776,-0.019852,-0.748459,0.926529,90536.425713,2001-01-01 19:08:56.426 -0600
0.612762,-0.117767,-0.911346,1.104491,90536.395837,2001-01-01 19:08:56.396 -0600
0.662231,-0.065384,-0.677902,0.949935,90536.366051,2001-01-01 19:08:56.366 -0600
0.863434,-0.299377,-0.838913,1.240532,90536.336175,2001-01-01 19:08:56.336 -0600
0.626648,-0.328629,-0.754425,1.034331,90536.306390,2001-01-01 19:08:56.306 -0600
0.888809,-0.112991,-0.790909,1.195109,90536.276513,2001-01-01 19:08:56.277 -0600
0.726700,0.224503,-0.737854,1.059680,90536.246728,2001-01-01 19:08:56.247 -0600
0.784363,-0.199783,-0.688156,1.062402,90536.216851,2001-01-01 19:08:56.217 -0600
0.767639,-0.059509,-0.624908,0.991626,90536.187066,2001-01-01 19:08:56.187 -0600
0.718750,-0.154221,-0.792801,1.081165,90536.157189,2001-01-01 19:08:56.157 -0600
0.302948,-0.258057,-0.667252,0.776914,90536.127404,2001-01-01 19:08:56.127 -0600
0.541489,-0.026901,-0.582184,0.795532,90536.097497,2001-01-01 19:08:56.097 -0600
0.939362,-0.239807,-0.715561,1.204963,90536.067742,2001-01-01 19:08:56.068 -0600
0.986893,-0.056915,-0.890518,1.330496,90536.037835,2001-01-01 19:08:56.038 -0600
0.687714,-0.301926,-0.735703,1.051365,90536.008080,2001-01-01 19:08:56.008 -0600
0.683823,-0.462662,-0.328766,0.888682,90535.978173,2001-01-01 19:08:55.978 -0600
0.688797,-0.334732,-0.669189,1.017006,90535.948418,2001-01-01 19:08:55.948 -0600
0.916031,0.041061,-0.679092,1.141037,90535.918511,2001-01-01 19:08:55.919 -0600
0.892899,-0.739761,-0.317429,1.202196,90535.888726,2001-01-01 19:08:55.889 -0600
0.909088,-0.374710,-0.585449,1.144377,90535.858849,2001-01-01 19:08:55.859 -0600
0.851456,-0.177246,0.201996,0.892858,90535.829065,2001-01-01 19:08:55.829 -0600
1.161316,-0.705536,-0.672394,1.516097,90535.799188,2001-01-01 19:08:55.799 -0600
1.507523,-0.330002,-0.669678,1.682259,90535.769403,2001-01-01 19:08:55.769 -0600
1.153336,0.173950,-0.312729,1.207576,90535.739527,2001-01-01 19:08:55.740 -0600
0.663559,-0.156601,-0.407822,0.794451,90535.709741,2001-01-01 19:08:55.710 -0600
0.572067,-0.328842,-0.535019,0.849496,90535.679865,2001-01-01 19:08:55.680 -0600
0.630096,-0.278519,-0.681717,0.969191,90535.650080,2001-01-01 19:08:55.650 -0600
0.685593,-0.230865,-0.516327,0.888780,90535.620203,2001-01-01 19:08:55.620 -0600
0.569458,-0.245331,-0.899109,1.092184,90535.590418,2001-01-01 19:08:55.590 -0600
0.384720,-0.251038,-0.035995,0.460787,90535.560541,2001-01-01 19:08:55.561 -0600
0.697556,-0.262589,-0.845810,1.127356,90535.530756,2001-01-01 19:08:55.531 -0600
0.429672,-0.130447,-0.727844,0.855215,90535.500879,2001-01-01 19:08:55.501 -0600
0.356842,-0.261749,-0.891296,0.995117,90535.471125,2001-01-01 19:08:55.471 -0600
0.302872,-0.267929,-0.888000,0.975737,90535.441248,2001-01-01 19:08:55.441 -0600
0.306808,-0.476212,-0.785660,0.968592,90535.411463,2001-01-01 19:08:55.411 -0600
0.452667,-0.515381,-0.727707,1.000041,90535.381586,2001-01-01 19:08:55.382 -0600
0.505356,-0.377213,-0.828751,1.041394,90535.351801,2001-01-01 19:08:55.352 -0600
0.393967,-0.509598,-0.865891,1.079197,90535.321924,2001-01-01 19:08:55.322 -0600
0.060928,-0.470856,-0.847626,0.971538,90535.292139,2001-01-01 19:08:55.292 -0600
0.298264,-0.470795,-0.152039,0.577689,90535.262262,2001-01-01 19:08:55.262 -0600
0.366684,-1.205475,-1.468140,1.934699,90535.232477,2001-01-01 19:08:55.232 -0600
0.363770,-0.664581,-0.641479,0.992720,90535.202600,2001-01-01 19:08:55.203 -0600
0.115448,0.226807,-1.552597,1.573317,90535.172815,2001-01-01 19:08:55.173 -0600
0.472458,0.216965,-0.917862,1.054875,90535.142938,2001-01-01 19:08:55.143 -0600
0.478973,-0.262558,-0.904282,1.056446,90535.113184,2001-01-01 19:08:55.113 -0600
0.245132,-0.321579,-0.693909,0.803127,90535.083277,2001-01-01 19:08:55.083 -0600
0.330002,-0.329193,-0.510483,0.691276,90535.053522,2001-01-01 19:08:55.054 -0600
0.307541,-0.494034,-0.355301,0.681828,90535.023645,2001-01-01 19:08:55.024 -0600
0.279831,-0.922409,-0.333939,1.020127,90534.993860,2001-01-01 19:08:54.994 -0600
0.466461,-0.670349,-0.534760,0.976177,90534.963983,2001-01-01 19:08:54.964 -0600
0.312469,-0.378281,-0.691055,0.847520,90534.934198,2001-01-01 19:08:54.934 -0600
0.082062,-0.548492,-0.786163,0.962097,90534.904322,2001-01-01 19:08:54.904 -0600
-0.009552,-0.660477,-0.746201,0.996562,90534.874536,2001-01-01 19:08:54.875 -0600
0.612534,-0.905380,-1.130142,1.572302,90534.844660,2001-01-01 19:08:54.845 -0600
0.433243,-0.176773,-0.437820,0.640808,90534.814913,2001-01-01 19:08:54.815 -0600
0.111053,-0.313095,-0.885498,0.945763,90534.785036,2001-01-01 19:08:54.785 -0600
-0.180618,-0.481293,-1.027725,1.149123,90534.755251,2001-01-01 19:08:54.755 -0600
0.029922,-0.353027,-1.075607,1.132455,90534.722414,2001-01-01 19:08:54.722 -0600
0.279419,-0.296768,-0.757553,0.860252,90534.692568,2001-01-01 19:08:54.693 -0600
0.259811,-0.177765,-0.724823,0.790235,90534.662782,2001-01-01 19:08:54.663 -0600
0.389206,-0.590622,-1.207184,1.399146,90534.632906,2001-01-01 19:08:54.633 -0600
0.381882,-0.254684,-1.211914,1.295930,90534.603121,2001-01-01 19:08:54.603 -0600
0.290985,-0.377899,-0.587997,0.757114,90534.573244,2001-01-01 19:08:54.573 -0600
0.120010,-0.627396,-0.772110,1.002089,90534.543459,2001-01-01 19:08:54.543 -0600
0.223572,-0.374802,-0.709915,0.833331,90534.513582,2001-01-01 19:08:54.514 -0600
0.155792,-0.374268,-0.767120,0.867653,90534.483797,2001-01-01 19:08:54.484 -0600
0.235641,-0.426605,-0.949005,1.066832,90534.453920,2001-01-01 19:08:54.454 -0600
0.232651,-0.620056,-0.863373,1.088122,90534.424135,2001-01-01 19:08:54.424 -0600
0.143311,-0.678802,-1.062347,1.268815,90534.394258,2001-01-01 19:08:54.394 -0600
0.246902,-0.435913,-1.128830,1.235005,90534.364473,2001-01-01 19:08:54.364 -0600
0.130554,-0.218384,-0.985840,1.018143,90534.334596,2001-01-01 19:08:54.335 -0600
0.199356,-0.391525,-0.778549,0.893965,90534.304811,2001-01-01 19:08:54.305 -0600
-0.146347,-1.020447,-0.827591,1.321982,90534.274934,2001-01-01 19:08:54.275 -0600
-0.372543,-0.959076,-1.237228,1.609146,90534.245149,2001-01-01 19:08:54.245 -0600
0.431854,-0.707184,-0.665985,1.063082,90534.213289,2001-01-01 19:08:54.213 -0600
0.190399,-0.320526,-0.888458,0.963508,90534.182527,2001-01-01 19:08:54.183 -0600
0.220291,-0.170853,-0.776825,0.825334,90534.152651,2001-01-01 19:08:54.153 -0600
0.078094,-0.023560,-0.913864,0.917497,90534.122865,2001-01-01 19:08:54.123 -0600
0.078568,-0.013458,-0.709473,0.713937,90534.092989,2001-01-01 19:08:54.093 -0600
0.152756,-0.526138,-0.752670,0.930950,90534.063204,2001-01-01 19:08:54.063 -0600
0.149063,-0.389694,-0.801605,0.903688,90534.033357,2001-01-01 19:08:54.033 -0600
0.144623,-0.351746,-0.849365,0.930625,90534.003572,2001-01-01 19:08:54.004 -0600
0.009354,-0.429718,-0.839035,0.942722,90533.973695,2001-01-01 19:08:53.974 -0600
0.178070,-0.512848,-0.847885,1.006792,90533.943941,2001-01-01 19:08:53.944 -0600
0.110672,-0.282242,-1.099976,1.140989,90533.911073,2001-01-01 19:08:53.911 -0600
-0.101990,-0.319778,-0.883316,0.944938,90533.881258,2001-01-01 19:08:53.881 -0600
0.040558,-0.788300,-1.134369,1.381975,90533.851442,2001-01-01 19:08:53.851 -0600
0.099258,-0.709351,-0.921631,1.167233,90533.821600,2001-01-01 19:08:53.822 -0600
0.002365,0.034515,-0.652588,0.653504,90533.791784,2001-01-01 19:08:53.792 -0600
-0.106125,-0.009140,-0.864258,0.870797,90533.761969,2001-01-01 19:08:53.762 -0600
0.099945,-0.272583,-0.999756,1.041058,90533.732153,2001-01-01 19:08:53.732 -0600
0.135620,-0.399139,-0.901871,0.995528,90533.702307,2001-01-01 19:08:53.702 -0600
0.121307,-0.351761,-0.835464,0.914578,90533.672491,2001-01-01 19:08:53.672 -0600
0.090927,-0.452759,-0.846100,0.963921,90533.642675,2001-01-01 19:08:53.643 -0600
0.051712,-0.603226,-0.978104,1.150323,90533.612860,2001-01-01 19:08:53.613 -0600
0.039398,-0.480667,-0.867645,0.992674,90533.583044,2001-01-01 19:08:53.583 -0600
0.093124,-0.448700,-0.897369,1.007609,90533.553198,2001-01-01 19:08:53.553 -0600
0.033859,-0.457092,-0.899994,1.009985,90533.523382,2001-01-01 19:08:53.523 -0600
0.056427,-0.471786,-0.963684,1.074455,90533.493566,2001-01-01 19:08:53.494 -0600
0.005569,-0.346741,-0.928894,0.991516,90533.463751,2001-01-01 19:08:53.464 -0600
0.100464,-0.255356,-0.902100,0.942912,90533.433905,2001-01-01 19:08:53.434 -0600
-0.019196,-0.287964,-0.891220,0.936784,90533.404089,2001-01-01 19:08:53.404 -0600
0.018097,-0.279160,-0.914001,0.955854,90533.374273,2001-01-01 19:08:53.374 -0600
0.275208,-0.192856,-0.574661,0.665709,90533.344458,2001-01-01 19:08:53.344 -0600
-0.007233,-0.185791,-1.045151,1.061561,90533.314642,2001-01-01 19:08:53.315 -0600
-0.067535,-0.147476,-0.815399,0.831376,90533.284796,2001-01-01 19:08:53.285 -0600
-0.075302,-0.427017,-0.891556,0.991406,90533.254980,2001-01-01 19:08:53.255 -0600
0.124115,-0.633575,-1.122253,1.294710,90533.225164,2001-01-01 19:08:53.225 -0600
-0.220184,-0.429138,-1.000458,1.110656,90533.195349,2001-01-01 19:08:53.195 -0600
0.023895,-0.244766,-0.907654,0.940381,90533.165533,2001-01-01 19:08:53.166 -0600
0.034698,-0.250885,-0.940247,0.973761,90533.135687,2001-01-01 19:08:53.136 -0600
0.002975,-0.277267,-0.940308,0.980339,90533.105871,2001-01-01 19:08:53.106 -0600
-0.023560,-0.327667,-1.019394,1.071020,90533.076055,2001-01-01 19:08:53.076 -0600
-0.001022,-0.351089,-1.054001,1.110938,90533.046240,2001-01-01 19:08:53.046 -0600
-0.010101,-0.316559,-0.948685,1.000157,90533.016424,2001-01-01 19:08:53.016 -0600
-0.012299,-0.308228,-0.922836,0.973027,90532.986608,2001-01-01 19:08:52.987 -0600
-0.030289,-0.341965,-0.954224,1.014101,90532.956793,2001-01-01 19:08:52.957 -0600
-0.028290,-0.331161,-0.908813,0.967683,90532.926947,2001-01-01 19:08:52.927 -0600
-0.018051,-0.330490,-0.958511,1.014048,90532.897131,2001-01-01 19:08:52.897 -0600
-0.056534,-0.329056,-0.940643,0.998140,90532.867315,2001-01-01 19:08:52.867 -0600
-0.039536,-0.335892,-0.958008,1.015955,90532.837500,2001-01-01 19:08:52.837 -0600
-0.031464,-0.349045,-0.958618,1.020672,90532.807707,2001-01-01 19:08:52.808 -0600
-0.053024,-0.349945,-0.899292,0.966436,90532.777861,2001-01-01 19:08:52.778 -0600
-0.024841,-0.342377,-0.912399,0.974839,90532.748045,2001-01-01 19:08:52.748 -0600
-0.039139,-0.344925,-0.973618,1.033652,90532.718229,2001-01-01 19:08:52.718 -0600
-0.032822,-0.324356,-0.919861,0.975924,90532.688414,2001-01-01 19:08:52.688 -0600
-0.042038,-0.327301,-0.925339,0.982418,90532.658598,2001-01-01 19:08:52.659 -0600
-0.033752,-0.335861,-0.950378,1.008544,90532.628782,2001-01-01 19:08:52.629 -0600
-0.028122,-0.332642,-0.926880,0.985164,90532.598936,2001-01-01 19:08:52.599 -0600
-0.059006,-0.334900,-0.937241,0.997025,90532.569120,2001-01-01 19:08:52.569 -0600
-0.026306,-0.329727,-0.936874,0.993552,90532.539305,2001-01-01 19:08:52.539 -0600
-0.036179,-0.347534,-0.924988,0.988783,90532.509489,2001-01-01 19:08:52.509 -0600
-0.005722,-0.344101,-0.945633,1.006310,90532.479673,2001-01-01 19:08:52.480 -0600
-0.040207,-0.352234,-0.963852,1.026984,90532.449858,2001-01-01 19:08:52.450 -0600
-0.048508,-0.338837,-0.963486,1.022481,90532.420042,2001-01-01 19:08:52.420 -0600
-0.012787,-0.335785,-0.922531,0.981824,90532.390226,2001-01-01 19:08:52.390 -0600
-0.018707,-0.350891,-0.914764,0.979933,90532.360380,2001-01-01 19:08:52.360 -0600
-0.038651,-0.358261,-0.923035,0.990877,90532.330565,2001-01-01 19:08:52.331 -0600
-0.050354,-0.354858,-0.923172,0.990306,90532.300749,2001-01-01 19:08:52.301 -0600
-0.051880,-0.351974,-0.942734,1.007633,90532.270933,2001-01-01 19:08:52.271 -0600
-0.064941,-0.359528,-0.929443,0.998670,90532.241117,2001-01-01 19:08:52.241 -0600
-0.035507,-0.367264,-0.919556,0.990821,90532.211302,2001-01-01 19:08:52.211 -0600
-0.068314,-0.382950,-0.932602,1.010477,90532.181486,2001-01-01 19:08:52.181 -0600
-0.052795,-0.367050,-0.923660,0.995320,90532.151670,2001-01-01 19:08:52.152 -0600
-0.054123,-0.360260,-0.937866,1.006136,90532.121824,2001-01-01 19:08:52.122 -0600
-0.046829,-0.350983,-0.935349,1.000129,90532.092009,2001-01-01 19:08:52.092 -0600
-0.027878,-0.334641,-0.951538,1.009052,90532.062193,2001-01-01 19:08:52.062 -0600
-0.032272,-0.323914,-0.951126,1.005287,90532.032377,2001-01-01 19:08:52.032 -0600
-0.011093,-0.297058,-0.947021,0.992581,90532.002562,2001-01-01 19:08:52.003 -0600
-0.047043,-0.286621,-0.938187,0.982120,90531.972746,2001-01-01 19:08:51.973 -0600
-0.092728,-0.311264,-0.907410,0.963782,90531.942930,2001-01-01 19:08:51.943 -0600
-0.037277,-0.339096,-0.836365,0.903262,90531.913084,2001-01-01 19:08:51.913 -0600
-0.033981,-0.363403,-0.798660,0.878109,90531.883268,2001-01-01 19:08:51.883 -0600
